实体编号,名字,url
1001,李云峰,https://baike.baidu.com/item/%E6%9D%8E%E4%BA%91%E5%B3%B0/22102428#viewPageContent
1003,侯毅,https://baike.baidu.com/item/%E4%BE%AF%E6%AF%85/12795458#viewPageContent
1005,张德华,https://baike.baidu.com/item/%E5%BC%A0%E5%BE%B7%E5%8D%8E/7002694#viewPageContent
1007,肖文革,https://baike.baidu.com/item/%E8%82%96%E6%96%87%E9%9D%A9/22791038#viewPageContent
1009,熊海涛,https://baike.baidu.com/item/%E7%86%8A%E6%B5%B7%E6%B6%9B/10849366
1011,宋琳,https://baike.baidu.com/item/%E5%AE%8B%E7%90%B3/16173836#viewPageContent
1014,王友林,https://baike.baidu.com/item/%E7%8E%8B%E5%8F%8B%E6%9E%97/71412
1016,彭聪,https://baike.baidu.com/item/%E5%BD%AD%E8%81%AA/19890127
1017,曹飞,https://baike.baidu.com/item/%E6%9B%B9%E9%A3%9E/19463276#viewPageContent
1019,颜军,https://baike.baidu.com/item/%E9%A2%9C%E5%86%9B/3476040
1021,宋睿,https://baike.baidu.com/item/%E5%AE%8B%E7%9D%BF/2629451
1025,邓冠华,https://baike.baidu.com/item/%E9%82%93%E5%86%A0%E5%8D%8E
1028,孙锋峰,https://baike.baidu.com/item/%E5%AD%99%E9%94%8B%E5%B3%B0
1029,林奇,https://baike.baidu.com/item/%E6%9E%97%E5%A5%87/53180
1031,江斌,https://baike.baidu.com/item/%E6%B1%9F%E6%96%8C/22653694#viewPageContent
1033,林海峰,https://baike.baidu.com/item/%E6%9E%97%E6%B5%B7%E5%B3%B0/10781910#viewPageContent
1036,郭为,https://baike.baidu.com/item/%E9%83%AD%E4%B8%BA/77150
1038,吴宏亮,https://baike.baidu.com/item/%E5%90%B4%E5%AE%8F%E4%BA%AE/1488540
1041,王利平,https://baike.baidu.com/item/%E7%8E%8B%E5%88%A9%E5%B9%B3/3273251
1043,周旭辉,https://baike.baidu.com/item/%E5%91%A8%E6%97%AD%E8%BE%89/9981261
1049,吴艳,https://baike.baidu.com/item/%E5%90%B4%E8%89%B3/5951149
